order_number,date,total,status,invoice_url
123622637,"Mar 28, 2026",$1034.04,Partially Shipped,https://www.webstaurantstore.com/myaccount:trackorder/ordertracking/invoice?orderNumber=123622637&emailAddress=QomqVyalNsXkRLvSjNxQTjBjcSvrt4d0Yto/HDuTYNk=
123313800,"Mar 21, 2026",$317.68,Delivered,https://www.webstaurantstore.com/myaccount:trackorder/ordertracking/invoice?orderNumber=123313800&emailAddress=QomqVyalNsXkRLvSjNxQTjBjcSvrt4d0Yto/HDuTYNk=
123218793,"Mar 19, 2026",$184.44,Delivered,https://www.webstaurantstore.com/myaccount:trackorder/ordertracking/invoice?orderNumber=123218793&emailAddress=QomqVyalNsXkRLvSjNxQTjBjcSvrt4d0Yto/HDuTYNk=
123202984,"Mar 18, 2026",$147.65,Delivered,https://www.webstaurantstore.com/myaccount:trackorder/ordertracking/invoice?orderNumber=123202984&emailAddress=QomqVyalNsXkRLvSjNxQTjBjcSvrt4d0Yto/HDuTYNk=
122827750,"Mar 9, 2026",$446.74,Delivered,https://www.webstaurantstore.com/myaccount:trackorder/ordertracking/invoice?orderNumber=122827750&emailAddress=QomqVyalNsXkRLvSjNxQTjBjcSvrt4d0Yto/HDuTYNk=
122814899,"Mar 9, 2026",$172.61,Delivered,https://www.webstaurantstore.com/myaccount:trackorder/ordertracking/invoice?orderNumber=122814899&emailAddress=QomqVyalNsXkRLvSjNxQTjBjcSvrt4d0Yto/HDuTYNk=
122779494,"Mar 8, 2026",$874.67,Delivered,https://www.webstaurantstore.com/myaccount:trackorder/ordertracking/invoice?orderNumber=122779494&emailAddress=QomqVyalNsXkRLvSjNxQTjBjcSvrt4d0Yto/HDuTYNk=
122634539,"Mar 4, 2026",$72.20,Delivered,https://www.webstaurantstore.com/myaccount:trackorder/ordertracking/invoice?orderNumber=122634539&emailAddress=QomqVyalNsXkRLvSjNxQTjBjcSvrt4d0Yto/HDuTYNk=
122452487,"Mar 1, 2026",$99.00,Unknown,https://www.webstaurantstore.com/myaccount:trackorder/ordertracking/invoice?orderNumber=122452487&emailAddress=QomqVyalNsXkRLvSjNxQTjBjcSvrt4d0Yto/HDuTYNk=
122380745,"Feb 26, 2026",$47.79,Delivered,https://www.webstaurantstore.com/myaccount:trackorder/ordertracking/invoice?orderNumber=122380745&emailAddress=QomqVyalNsXkRLvSjNxQTjBjcSvrt4d0Yto/HDuTYNk=
122336318,"Feb 25, 2026",$134.05,Delivered,https://www.webstaurantstore.com/myaccount:trackorder/ordertracking/invoice?orderNumber=122336318&emailAddress=QomqVyalNsXkRLvSjNxQTjBjcSvrt4d0Yto/HDuTYNk=
122149168,"Feb 20, 2026",$140.77,Delivered,https://www.webstaurantstore.com/myaccount:trackorder/ordertracking/invoice?orderNumber=122149168&emailAddress=QomqVyalNsXkRLvSjNxQTjBjcSvrt4d0Yto/HDuTYNk=
122146462,"Feb 20, 2026",$130.12,Delivered,https://www.webstaurantstore.com/myaccount:trackorder/ordertracking/invoice?orderNumber=122146462&emailAddress=QomqVyalNsXkRLvSjNxQTjBjcSvrt4d0Yto/HDuTYNk=
122102446,"Feb 19, 2026",$87.65,Delivered,https://www.webstaurantstore.com/myaccount:trackorder/ordertracking/invoice?orderNumber=122102446&emailAddress=QomqVyalNsXkRLvSjNxQTjBjcSvrt4d0Yto/HDuTYNk=
122075904,"Feb 19, 2026",$93.83,Delivered,https://www.webstaurantstore.com/myaccount:trackorder/ordertracking/invoice?orderNumber=122075904&emailAddress=QomqVyalNsXkRLvSjNxQTjBjcSvrt4d0Yto/HDuTYNk=
122073017,"Feb 19, 2026",$184.44,Delivered,https://www.webstaurantstore.com/myaccount:trackorder/ordertracking/invoice?orderNumber=122073017&emailAddress=QomqVyalNsXkRLvSjNxQTjBjcSvrt4d0Yto/HDuTYNk=
122066087,"Feb 18, 2026",$306.49,Delivered,https://www.webstaurantstore.com/myaccount:trackorder/ordertracking/invoice?orderNumber=122066087&emailAddress=QomqVyalNsXkRLvSjNxQTjBjcSvrt4d0Yto/HDuTYNk=
122057701,"Feb 18, 2026",$545.46,Delivered,https://www.webstaurantstore.com/myaccount:trackorder/ordertracking/invoice?orderNumber=122057701&emailAddress=QomqVyalNsXkRLvSjNxQTjBjcSvrt4d0Yto/HDuTYNk=
121972496,"Feb 16, 2026",$259.83,Delivered,https://www.webstaurantstore.com/myaccount:trackorder/ordertracking/invoice?orderNumber=121972496&emailAddress=QomqVyalNsXkRLvSjNxQTjBjcSvrt4d0Yto/HDuTYNk=
121839145,"Feb 12, 2026",$822.62,Delivered,https://www.webstaurantstore.com/myaccount:trackorder/ordertracking/invoice?orderNumber=121839145&emailAddress=QomqVyalNsXkRLvSjNxQTjBjcSvrt4d0Yto/HDuTYNk=
121718001,"Feb 10, 2026",$57.49,Delivered,https://www.webstaurantstore.com/myaccount:trackorder/ordertracking/invoice?orderNumber=121718001&emailAddress=QomqVyalNsXkRLvSjNxQTjBjcSvrt4d0Yto/HDuTYNk=
121665621,"Feb 8, 2026",$57.49,Delivered,https://www.webstaurantstore.com/myaccount:trackorder/ordertracking/invoice?orderNumber=121665621&emailAddress=QomqVyalNsXkRLvSjNxQTjBjcSvrt4d0Yto/HDuTYNk=
121369993,"Feb 1, 2026",$99.00,Unknown,https://www.webstaurantstore.com/myaccount:trackorder/ordertracking/invoice?orderNumber=121369993&emailAddress=QomqVyalNsXkRLvSjNxQTjBjcSvrt4d0Yto/HDuTYNk=
121310917,"Jan 29, 2026",$108.48,Delivered,https://www.webstaurantstore.com/myaccount:trackorder/ordertracking/invoice?orderNumber=121310917&emailAddress=QomqVyalNsXkRLvSjNxQTjBjcSvrt4d0Yto/HDuTYNk=
121236206,"Jan 27, 2026",$164.47,Delivered,https://www.webstaurantstore.com/myaccount:trackorder/ordertracking/invoice?orderNumber=121236206&emailAddress=QomqVyalNsXkRLvSjNxQTjBjcSvrt4d0Yto/HDuTYNk=
121125160,"Jan 23, 2026",$1091.67,Delivered,https://www.webstaurantstore.com/myaccount:trackorder/ordertracking/invoice?orderNumber=121125160&emailAddress=QomqVyalNsXkRLvSjNxQTjBjcSvrt4d0Yto/HDuTYNk=
120930820,"Jan 19, 2026",$184.44,Delivered,https://www.webstaurantstore.com/myaccount:trackorder/ordertracking/invoice?orderNumber=120930820&emailAddress=QomqVyalNsXkRLvSjNxQTjBjcSvrt4d0Yto/HDuTYNk=
120788524,"Jan 14, 2026",$459.76,Delivered,https://www.webstaurantstore.com/myaccount:trackorder/ordertracking/invoice?orderNumber=120788524&emailAddress=QomqVyalNsXkRLvSjNxQTjBjcSvrt4d0Yto/HDuTYNk=
120305657,"Jan 1, 2026",$403.84,Delivered,https://www.webstaurantstore.com/myaccount:trackorder/ordertracking/invoice?orderNumber=120305657&emailAddress=QomqVyalNsXkRLvSjNxQTjBjcSvrt4d0Yto/HDuTYNk=
120284250,"Jan 1, 2026",$99.00,Unknown,https://www.webstaurantstore.com/myaccount:trackorder/ordertracking/invoice?orderNumber=120284250&emailAddress=QomqVyalNsXkRLvSjNxQTjBjcSvrt4d0Yto/HDuTYNk=
120261013,"Dec 31, 2025",$313.20,Delivered,https://www.webstaurantstore.com/myaccount:trackorder/ordertracking/invoice?orderNumber=120261013&emailAddress=QomqVyalNsXkRLvSjNxQTjBjcSvrt4d0Yto/HDuTYNk=
119981873,"Dec 20, 2025",$42.46,Delivered,https://www.webstaurantstore.com/myaccount:trackorder/ordertracking/invoice?orderNumber=119981873&emailAddress=QomqVyalNsXkRLvSjNxQTjBjcSvrt4d0Yto/HDuTYNk=
119981841,"Dec 20, 2025",$623.95,Delivered,https://www.webstaurantstore.com/myaccount:trackorder/ordertracking/invoice?orderNumber=119981841&emailAddress=QomqVyalNsXkRLvSjNxQTjBjcSvrt4d0Yto/HDuTYNk=
119929371,"Dec 19, 2025",$184.44,Delivered,https://www.webstaurantstore.com/myaccount:trackorder/ordertracking/invoice?orderNumber=119929371&emailAddress=QomqVyalNsXkRLvSjNxQTjBjcSvrt4d0Yto/HDuTYNk=
119922670,"Dec 18, 2025",$77.98,Delivered,https://www.webstaurantstore.com/myaccount:trackorder/ordertracking/invoice?orderNumber=119922670&emailAddress=QomqVyalNsXkRLvSjNxQTjBjcSvrt4d0Yto/HDuTYNk=
119922657,"Dec 18, 2025",$719.70,Delivered,https://www.webstaurantstore.com/myaccount:trackorder/ordertracking/invoice?orderNumber=119922657&emailAddress=QomqVyalNsXkRLvSjNxQTjBjcSvrt4d0Yto/HDuTYNk=
119736778,"Dec 14, 2025",$1393.26,Delivered,https://www.webstaurantstore.com/myaccount:trackorder/ordertracking/invoice?orderNumber=119736778&emailAddress=QomqVyalNsXkRLvSjNxQTjBjcSvrt4d0Yto/HDuTYNk=
119677662,"Dec 12, 2025",$800.07,Delivered,https://www.webstaurantstore.com/myaccount:trackorder/ordertracking/invoice?orderNumber=119677662&emailAddress=QomqVyalNsXkRLvSjNxQTjBjcSvrt4d0Yto/HDuTYNk=
119589088,"Dec 10, 2025",$58.99,Delivered,https://www.webstaurantstore.com/myaccount:trackorder/ordertracking/invoice?orderNumber=119589088&emailAddress=QomqVyalNsXkRLvSjNxQTjBjcSvrt4d0Yto/HDuTYNk=
119553127,"Dec 9, 2025",$92.40,Delivered,https://www.webstaurantstore.com/myaccount:trackorder/ordertracking/invoice?orderNumber=119553127&emailAddress=QomqVyalNsXkRLvSjNxQTjBjcSvrt4d0Yto/HDuTYNk=
119486823,"Dec 7, 2025",$133.84,Delivered,https://www.webstaurantstore.com/myaccount:trackorder/ordertracking/invoice?orderNumber=119486823&emailAddress=QomqVyalNsXkRLvSjNxQTjBjcSvrt4d0Yto/HDuTYNk=
119235724,"Dec 1, 2025",$983.76,Delivered,https://www.webstaurantstore.com/myaccount:trackorder/ordertracking/invoice?orderNumber=119235724&emailAddress=QomqVyalNsXkRLvSjNxQTjBjcSvrt4d0Yto/HDuTYNk=
119213230,"Dec 1, 2025",$99.00,Unknown,https://www.webstaurantstore.com/myaccount:trackorder/ordertracking/invoice?orderNumber=119213230&emailAddress=QomqVyalNsXkRLvSjNxQTjBjcSvrt4d0Yto/HDuTYNk=
119161095,"Nov 28, 2025",$166.99,Delivered,https://www.webstaurantstore.com/myaccount:trackorder/ordertracking/invoice?orderNumber=119161095&emailAddress=QomqVyalNsXkRLvSjNxQTjBjcSvrt4d0Yto/HDuTYNk=
119141546,"Nov 28, 2025",$610.40,Delivered,https://www.webstaurantstore.com/myaccount:trackorder/ordertracking/invoice?orderNumber=119141546&emailAddress=QomqVyalNsXkRLvSjNxQTjBjcSvrt4d0Yto/HDuTYNk=
118902159,"Nov 20, 2025",$60.54,Delivered,https://www.webstaurantstore.com/myaccount:trackorder/ordertracking/invoice?orderNumber=118902159&emailAddress=QomqVyalNsXkRLvSjNxQTjBjcSvrt4d0Yto/HDuTYNk=
118821448,"Nov 19, 2025",$176.16,Delivered,https://www.webstaurantstore.com/myaccount:trackorder/ordertracking/invoice?orderNumber=118821448&emailAddress=QomqVyalNsXkRLvSjNxQTjBjcSvrt4d0Yto/HDuTYNk=
118716674,"Nov 16, 2025",$263.31,Delivered,https://www.webstaurantstore.com/myaccount:trackorder/ordertracking/invoice?orderNumber=118716674&emailAddress=QomqVyalNsXkRLvSjNxQTjBjcSvrt4d0Yto/HDuTYNk=
118576727,"Nov 12, 2025",$543.48,Delivered,https://www.webstaurantstore.com/myaccount:trackorder/ordertracking/invoice?orderNumber=118576727&emailAddress=QomqVyalNsXkRLvSjNxQTjBjcSvrt4d0Yto/HDuTYNk=
118339017,"Nov 6, 2025",$130.38,Delivered,https://www.webstaurantstore.com/myaccount:trackorder/ordertracking/invoice?orderNumber=118339017&emailAddress=QomqVyalNsXkRLvSjNxQTjBjcSvrt4d0Yto/HDuTYNk=
118099827,"Nov 1, 2025",$99.00,Unknown,https://www.webstaurantstore.com/myaccount:trackorder/ordertracking/invoice?orderNumber=118099827&emailAddress=QomqVyalNsXkRLvSjNxQTjBjcSvrt4d0Yto/HDuTYNk=
118024061,"Oct 29, 2025",$44.49,Delivered,https://www.webstaurantstore.com/myaccount:trackorder/ordertracking/invoice?orderNumber=118024061&emailAddress=QomqVyalNsXkRLvSjNxQTjBjcSvrt4d0Yto/HDuTYNk=
118023955,"Oct 29, 2025",$289.10,Delivered,https://www.webstaurantstore.com/myaccount:trackorder/ordertracking/invoice?orderNumber=118023955&emailAddress=QomqVyalNsXkRLvSjNxQTjBjcSvrt4d0Yto/HDuTYNk=
117937307,"Oct 27, 2025",$454.07,Delivered,https://www.webstaurantstore.com/myaccount:trackorder/ordertracking/invoice?orderNumber=117937307&emailAddress=QomqVyalNsXkRLvSjNxQTjBjcSvrt4d0Yto/HDuTYNk=
117864401,"Oct 25, 2025",$267.04,Delivered,https://www.webstaurantstore.com/myaccount:trackorder/ordertracking/invoice?orderNumber=117864401&emailAddress=QomqVyalNsXkRLvSjNxQTjBjcSvrt4d0Yto/HDuTYNk=
117586200,"Oct 19, 2025",$176.16,Delivered,https://www.webstaurantstore.com/myaccount:trackorder/ordertracking/invoice?orderNumber=117586200&emailAddress=QomqVyalNsXkRLvSjNxQTjBjcSvrt4d0Yto/HDuTYNk=
117553851,"Oct 17, 2025",$284.08,Delivered,https://www.webstaurantstore.com/myaccount:trackorder/ordertracking/invoice?orderNumber=117553851&emailAddress=QomqVyalNsXkRLvSjNxQTjBjcSvrt4d0Yto/HDuTYNk=
117449058,"Oct 15, 2025",$327.05,Delivered,https://www.webstaurantstore.com/myaccount:trackorder/ordertracking/invoice?orderNumber=117449058&emailAddress=QomqVyalNsXkRLvSjNxQTjBjcSvrt4d0Yto/HDuTYNk=
117319314,"Oct 13, 2025",$367.97,Delivered,https://www.webstaurantstore.com/myaccount:trackorder/ordertracking/invoice?orderNumber=117319314&emailAddress=QomqVyalNsXkRLvSjNxQTjBjcSvrt4d0Yto/HDuTYNk=
117233412,"Oct 10, 2025",$58.99,Delivered,https://www.webstaurantstore.com/myaccount:trackorder/ordertracking/invoice?orderNumber=117233412&emailAddress=QomqVyalNsXkRLvSjNxQTjBjcSvrt4d0Yto/HDuTYNk=
116931152,"Oct 2, 2025",$110.48,Delivered,https://www.webstaurantstore.com/myaccount:trackorder/ordertracking/invoice?orderNumber=116931152&emailAddress=QomqVyalNsXkRLvSjNxQTjBjcSvrt4d0Yto/HDuTYNk=
116888667,"Oct 1, 2025",$713.62,Delivered,https://www.webstaurantstore.com/myaccount:trackorder/ordertracking/invoice?orderNumber=116888667&emailAddress=QomqVyalNsXkRLvSjNxQTjBjcSvrt4d0Yto/HDuTYNk=
116836811,"Oct 1, 2025",$99.00,Unknown,https://www.webstaurantstore.com/myaccount:trackorder/ordertracking/invoice?orderNumber=116836811&emailAddress=QomqVyalNsXkRLvSjNxQTjBjcSvrt4d0Yto/HDuTYNk=
116834319,"Sep 30, 2025",$115.82,Delivered,https://www.webstaurantstore.com/myaccount:trackorder/ordertracking/invoice?orderNumber=116834319&emailAddress=QomqVyalNsXkRLvSjNxQTjBjcSvrt4d0Yto/HDuTYNk=
116732877,"Sep 28, 2025",$201.96,Delivered,https://www.webstaurantstore.com/myaccount:trackorder/ordertracking/invoice?orderNumber=116732877&emailAddress=QomqVyalNsXkRLvSjNxQTjBjcSvrt4d0Yto/HDuTYNk=
116729691,"Sep 28, 2025",$404.39,Delivered,https://www.webstaurantstore.com/myaccount:trackorder/ordertracking/invoice?orderNumber=116729691&emailAddress=QomqVyalNsXkRLvSjNxQTjBjcSvrt4d0Yto/HDuTYNk=
116642681,"Sep 25, 2025",$327.95,Delivered,https://www.webstaurantstore.com/myaccount:trackorder/ordertracking/invoice?orderNumber=116642681&emailAddress=QomqVyalNsXkRLvSjNxQTjBjcSvrt4d0Yto/HDuTYNk=
116261804,"Sep 16, 2025",$60.02,Delivered,https://www.webstaurantstore.com/myaccount:trackorder/ordertracking/invoice?orderNumber=116261804&emailAddress=QomqVyalNsXkRLvSjNxQTjBjcSvrt4d0Yto/HDuTYNk=
116157469,"Sep 14, 2025",$461.03,Delivered,https://www.webstaurantstore.com/myaccount:trackorder/ordertracking/invoice?orderNumber=116157469&emailAddress=QomqVyalNsXkRLvSjNxQTjBjcSvrt4d0Yto/HDuTYNk=
115911551,"Sep 8, 2025",$726.04,Delivered,https://www.webstaurantstore.com/myaccount:trackorder/ordertracking/invoice?orderNumber=115911551&emailAddress=QomqVyalNsXkRLvSjNxQTjBjcSvrt4d0Yto/HDuTYNk=
115583063,"Sep 1, 2025",$99.00,Unknown,https://www.webstaurantstore.com/myaccount:trackorder/ordertracking/invoice?orderNumber=115583063&emailAddress=QomqVyalNsXkRLvSjNxQTjBjcSvrt4d0Yto/HDuTYNk=
115492216,"Aug 28, 2025",$303.79,Delivered,https://www.webstaurantstore.com/myaccount:trackorder/ordertracking/invoice?orderNumber=115492216&emailAddress=QomqVyalNsXkRLvSjNxQTjBjcSvrt4d0Yto/HDuTYNk=
115210233,"Aug 21, 2025",$353.72,Delivered,https://www.webstaurantstore.com/myaccount:trackorder/ordertracking/invoice?orderNumber=115210233&emailAddress=QomqVyalNsXkRLvSjNxQTjBjcSvrt4d0Yto/HDuTYNk=
115172360,"Aug 21, 2025",$176.16,Delivered,https://www.webstaurantstore.com/myaccount:trackorder/ordertracking/invoice?orderNumber=115172360&emailAddress=QomqVyalNsXkRLvSjNxQTjBjcSvrt4d0Yto/HDuTYNk=
115067967,"Aug 18, 2025",$436.27,Delivered,https://www.webstaurantstore.com/myaccount:trackorder/ordertracking/invoice?orderNumber=115067967&emailAddress=QomqVyalNsXkRLvSjNxQTjBjcSvrt4d0Yto/HDuTYNk=
115015464,"Aug 17, 2025",$974.73,Delivered,https://www.webstaurantstore.com/myaccount:trackorder/ordertracking/invoice?orderNumber=115015464&emailAddress=QomqVyalNsXkRLvSjNxQTjBjcSvrt4d0Yto/HDuTYNk=
114702712,"Aug 10, 2025",$58.99,Delivered,https://www.webstaurantstore.com/myaccount:trackorder/ordertracking/invoice?orderNumber=114702712&emailAddress=QomqVyalNsXkRLvSjNxQTjBjcSvrt4d0Yto/HDuTYNk=
114579332,"Aug 6, 2025",$358.44,Delivered,https://www.webstaurantstore.com/myaccount:trackorder/ordertracking/invoice?orderNumber=114579332&emailAddress=QomqVyalNsXkRLvSjNxQTjBjcSvrt4d0Yto/HDuTYNk=
114329655,"Aug 1, 2025",$99.00,Unknown,https://www.webstaurantstore.com/myaccount:trackorder/ordertracking/invoice?orderNumber=114329655&emailAddress=QomqVyalNsXkRLvSjNxQTjBjcSvrt4d0Yto/HDuTYNk=
113870746,"Jul 21, 2025",$176.16,Delivered,https://www.webstaurantstore.com/myaccount:trackorder/ordertracking/invoice?orderNumber=113870746&emailAddress=QomqVyalNsXkRLvSjNxQTjBjcSvrt4d0Yto/HDuTYNk=
113771071,"Jul 17, 2025",$63.49,Delivered,https://www.webstaurantstore.com/myaccount:trackorder/ordertracking/invoice?orderNumber=113771071&emailAddress=QomqVyalNsXkRLvSjNxQTjBjcSvrt4d0Yto/HDuTYNk=
113771035,"Jul 17, 2025",$78.64,Delivered,https://www.webstaurantstore.com/myaccount:trackorder/ordertracking/invoice?orderNumber=113771035&emailAddress=QomqVyalNsXkRLvSjNxQTjBjcSvrt4d0Yto/HDuTYNk=
113663950,"Jul 15, 2025",$227.48,Delivered,https://www.webstaurantstore.com/myaccount:trackorder/ordertracking/invoice?orderNumber=113663950&emailAddress=QomqVyalNsXkRLvSjNxQTjBjcSvrt4d0Yto/HDuTYNk=
113554603,"Jul 12, 2025",$708.32,Delivered,https://www.webstaurantstore.com/myaccount:trackorder/ordertracking/invoice?orderNumber=113554603&emailAddress=QomqVyalNsXkRLvSjNxQTjBjcSvrt4d0Yto/HDuTYNk=
113086759,"Jul 1, 2025",$99.00,Unknown,https://www.webstaurantstore.com/myaccount:trackorder/ordertracking/invoice?orderNumber=113086759&emailAddress=QomqVyalNsXkRLvSjNxQTjBjcSvrt4d0Yto/HDuTYNk=
112942161,"Jun 26, 2025",$390.84,Delivered,https://www.webstaurantstore.com/myaccount:trackorder/ordertracking/invoice?orderNumber=112942161&emailAddress=QomqVyalNsXkRLvSjNxQTjBjcSvrt4d0Yto/HDuTYNk=
112849126,"Jun 24, 2025",$78.60,Unknown,https://www.webstaurantstore.com/myaccount:trackorder/ordertracking/invoice?orderNumber=112849126&emailAddress=QomqVyalNsXkRLvSjNxQTjBjcSvrt4d0Yto/HDuTYNk=
112704938,"Jun 21, 2025",$176.16,Delivered,https://www.webstaurantstore.com/myaccount:trackorder/ordertracking/invoice?orderNumber=112704938&emailAddress=QomqVyalNsXkRLvSjNxQTjBjcSvrt4d0Yto/HDuTYNk=
112386884,"Jun 13, 2025",$56.99,Delivered,https://www.webstaurantstore.com/myaccount:trackorder/ordertracking/invoice?orderNumber=112386884&emailAddress=QomqVyalNsXkRLvSjNxQTjBjcSvrt4d0Yto/HDuTYNk=
112366910,"Jun 12, 2025",$125.35,Delivered,https://www.webstaurantstore.com/myaccount:trackorder/ordertracking/invoice?orderNumber=112366910&emailAddress=QomqVyalNsXkRLvSjNxQTjBjcSvrt4d0Yto/HDuTYNk=
112280901,"Jun 10, 2025",$446.10,Delivered,https://www.webstaurantstore.com/myaccount:trackorder/ordertracking/invoice?orderNumber=112280901&emailAddress=QomqVyalNsXkRLvSjNxQTjBjcSvrt4d0Yto/HDuTYNk=
111890974,"Jun 1, 2025",$95.96,Delivered,https://www.webstaurantstore.com/myaccount:trackorder/ordertracking/invoice?orderNumber=111890974&emailAddress=QomqVyalNsXkRLvSjNxQTjBjcSvrt4d0Yto/HDuTYNk=
111865322,"Jun 1, 2025",$99.00,Unknown,https://www.webstaurantstore.com/myaccount:trackorder/ordertracking/invoice?orderNumber=111865322&emailAddress=QomqVyalNsXkRLvSjNxQTjBjcSvrt4d0Yto/HDuTYNk=
111859969,"May 31, 2025",$350.63,Delivered,https://www.webstaurantstore.com/myaccount:trackorder/ordertracking/invoice?orderNumber=111859969&emailAddress=QomqVyalNsXkRLvSjNxQTjBjcSvrt4d0Yto/HDuTYNk=
111439944,"May 21, 2025",$176.16,Delivered,https://www.webstaurantstore.com/myaccount:trackorder/ordertracking/invoice?orderNumber=111439944&emailAddress=QomqVyalNsXkRLvSjNxQTjBjcSvrt4d0Yto/HDuTYNk=
111276175,"May 16, 2025",$565.58,Delivered,https://www.webstaurantstore.com/myaccount:trackorder/ordertracking/invoice?orderNumber=111276175&emailAddress=QomqVyalNsXkRLvSjNxQTjBjcSvrt4d0Yto/HDuTYNk=
111087320,"May 12, 2025",$47.98,Delivered,https://www.webstaurantstore.com/myaccount:trackorder/ordertracking/invoice?orderNumber=111087320&emailAddress=QomqVyalNsXkRLvSjNxQTjBjcSvrt4d0Yto/HDuTYNk=
110978289,"May 9, 2025",$365.43,Delivered,https://www.webstaurantstore.com/myaccount:trackorder/ordertracking/invoice?orderNumber=110978289&emailAddress=QomqVyalNsXkRLvSjNxQTjBjcSvrt4d0Yto/HDuTYNk=
110903499,"May 7, 2025",$123.23,Delivered,https://www.webstaurantstore.com/myaccount:trackorder/ordertracking/invoice?orderNumber=110903499&emailAddress=QomqVyalNsXkRLvSjNxQTjBjcSvrt4d0Yto/HDuTYNk=
110788193,"May 5, 2025",$177.82,Delivered,https://www.webstaurantstore.com/myaccount:trackorder/ordertracking/invoice?orderNumber=110788193&emailAddress=QomqVyalNsXkRLvSjNxQTjBjcSvrt4d0Yto/HDuTYNk=
